exercise,n,mae,rmse,r2,pcc
E0,152,0.8373042941093445,0.9485517740249634,-0.4609499126313783,0.8252607161388628
