{
  "train_loss": [
    4.703079437131936,
    1.1494016517690346,
    0.6072432669879353,
    0.5037935534860455,
    0.4305122892903743,
    0.38310941527623915,
    0.343382282929737,
    0.32096881465723287,
    0.29808285563005565,
    0.2818649681442875,
    0.264592434853147,
    0.25948972688556393,
    0.26058040622432355,
    0.24791490193982582,
    0.2384864136913402,
    0.2403943291996832,
    0.2330170281778621,
    0.23343373710910478,
    0.22795097319419774,
    0.22378974210071026,
    0.22371844105464592,
    0.2215805179150091,
    0.21878692735049685,
    0.21878219964140552,
    0.22068214559622404,
    0.21615595037991045,
    0.21734870789246372,
    0.21575923268236008,
    0.21201540870686708,
    0.2135638205681817,
    0.2127011538309566,
    0.20996170823520185,
    0.20796600472455645,
    0.20685571655210128,
    0.20799123769426076,
    0.20576504777885427,
    0.2073969037435149,
    0.2035053036054649,
    0.201461267820691,
    0.20394204068655347,
    0.20303761134039885,
    0.2013593994628238,
    0.20270808436776286,
    0.20025632514665692,
    0.2022858427490218,
    0.2019078087503627,
    0.19845291639620302,
    0.19987121784249268,
    0.20038795096557693,
    0.19767338833061315,
    0.19670378644082506,
    0.19870167212971188,
    0.19541389718230834,
    0.19468448576280625,
    0.19589666087748642,
    0.1962181661846274,
    0.196654441329719,
    0.19663461605034305,
    0.19352169995759166,
    0.1952230242938645
  ],
  "train_rmse": [
    2.1725058555603027,
    1.0739648342132568,
    0.7790703773498535,
    0.7111589312553406,
    0.6552154421806335,
    0.6202036738395691,
    0.5872962474822998,
    0.5639433860778809,
    0.5460179448127747,
    0.5316492915153503,
    0.5152239203453064,
    0.5082809925079346,
    0.5091162323951721,
    0.4961310625076294,
    0.4889310896396637,
    0.490227073431015,
    0.4832479953765869,
    0.4840863049030304,
    0.4777895510196686,
    0.4720991849899292,
    0.47199171781539917,
    0.47157543897628784,
    0.4680166244506836,
    0.4677817225456238,
    0.4669286608695984,
    0.4650718867778778,
    0.46485021710395813,
    0.4643453359603882,
    0.4607308804988861,
    0.46110066771507263,
    0.46115773916244507,
    0.4582314193248749,
    0.4567182958126068,
    0.45426565408706665,
    0.4559389650821686,
    0.45439836382865906,
    0.4539125859737396,
    0.45205801725387573,
    0.4497147798538208,
    0.4514783024787903,
    0.45154792070388794,
    0.4495025873184204,
    0.45001959800720215,
    0.44850069284439087,
    0.4503265917301178,
    0.4499262571334839,
    0.4448017477989197,
    0.44734203815460205,
    0.44719985127449036,
    0.44522884488105774,
    0.44437626004219055,
    0.4455891251564026,
    0.4425971210002899,
    0.4415587782859802,
    0.4429888129234314,
    0.44241008162498474,
    0.4417650103569031,
    0.4414615035057068,
    0.44060951471328735,
    0.4426650404930115
  ],
  "train_mae": [
    1.8767285346984863,
    0.7722294926643372,
    0.5543530583381653,
    0.5119390487670898,
    0.47506433725357056,
    0.45321395993232727,
    0.43239355087280273,
    0.41280776262283325,
    0.3972020745277405,
    0.3835395872592926,
    0.37102529406547546,
    0.36591604351997375,
    0.3624216318130493,
    0.3523721396923065,
    0.34765005111694336,
    0.34850093722343445,
    0.341251403093338,
    0.34273621439933777,
    0.3360614478588104,
    0.33301132917404175,
    0.33258748054504395,
    0.33050405979156494,
    0.3292045295238495,
    0.32771748304367065,
    0.3263210952281952,
    0.32443898916244507,
    0.32605278491973877,
    0.32458412647247314,
    0.3206605613231659,
    0.31987464427948,
    0.3206326365470886,
    0.3180699944496155,
    0.3169289827346802,
    0.3153366148471832,
    0.3166324496269226,
    0.31465959548950195,
    0.31443217396736145,
    0.3130558431148529,
    0.311633825302124,
    0.31266793608665466,
    0.3120782673358917,
    0.31058263778686523,
    0.31029316782951355,
    0.3098863661289215,
    0.31116044521331787,
    0.31187522411346436,
    0.3062245547771454,
    0.3079867660999298,
    0.3091731071472168,
    0.3065243661403656,
    0.30645015835762024,
    0.30669790506362915,
    0.305159330368042,
    0.3041653335094452,
    0.30704087018966675,
    0.3046480715274811,
    0.3053683936595917,
    0.303916871547699,
    0.30317649245262146,
    0.30485978722572327
  ],
  "train_r2": [
    -5.746962398558009,
    -0.6487943375484717,
    0.13235953312872162,
    0.2770309178444462,
    0.38630209416080863,
    0.45013628483877444,
    0.5069388062747131,
    0.5453707339796947,
    0.573812961071834,
    0.595948325746771,
    0.6205291409615743,
    0.630687407466336,
    0.6294726105987514,
    0.6481324618234356,
    0.6582711060734578,
    0.6564570780334373,
    0.6661691330493005,
    0.6650098756623377,
    0.6736679706694371,
    0.6813947858711785,
    0.681539807241282,
    0.6821012847549774,
    0.6868813277027773,
    0.6871955606557472,
    0.6883354203743701,
    0.6908092025825583,
    0.6911038586384245,
    0.6917745065757996,
    0.6965542511186495,
    0.6960669835175294,
    0.6959917272344225,
    0.6998377195418899,
    0.7018167462407254,
    0.705010759561516,
    0.702833557754859,
    0.7048383451410489,
    0.7054691358680183,
    0.7078709535859817,
    0.7108915951114605,
    0.708619703234501,
    0.7085298580878714,
    0.7111643375954596,
    0.710499543650932,
    0.712450508080037,
    0.7101044210669892,
    0.7106196262957307,
    0.7171740087068144,
    0.7139342783639668,
    0.7141161288675781,
    0.7166305777019238,
    0.7177148218950911,
    0.716171785806495,
    0.7199706716864573,
    0.7212830100880974,
    0.7194747563758178,
    0.7202072511635652,
    0.721022570247253,
    0.7214057933895138,
    0.7224800696758591,
    0.7198846931980949
  ],
  "val_loss": [
    1.155791941197822,
    0.6403776341379853,
    0.5006943064159713,
    0.4078577580017736,
    0.3409434910950949,
    0.32644310704345114,
    0.2936715734525933,
    0.2955373719742056,
    0.28091262523375915,
    0.27958249173534566,
    0.27914463499328124,
    0.2964237176667666,
    0.2976969994182582,
    0.29753744170448043,
    0.29752508040401154,
    0.30712779879104346,
    0.3136384984245524,
    0.3266990165793686,
    0.3173439321450132,
    0.3190060481138062,
    0.3315708042369806,
    0.31513305225817023,
    0.32431760059698717,
    0.3205705872722319,
    0.3350725600401347,
    0.33519831308949505,
    0.3208847233647248,
    0.308865168011107,
    0.3173136639874429,
    0.31848783913592343,
    0.3182275691360701,
    0.3206826208595885,
    0.32131317339808446,
    0.3272012559740688,
    0.32162852820038096,
    0.318232499678561,
    0.32219772069875036,
    0.32319892234809233,
    0.33112423919374123,
    0.32385852286824957,
    0.3237416463343834,
    0.3232792785551283,
    0.32356299848033815,
    0.3101008871977683,
    0.3222770394306281,
    0.32146788052050396,
    0.31967684480914615,
    0.3287213854986476,
    0.3198570062901126,
    0.32279346167633777,
    0.3221901471799356,
    0.3224326250827289,
    0.31894875944708473,
    0.3206370421816246,
    0.32819584096287147,
    0.3206690093385987,
    0.32873194428684654,
    0.3253333092230605,
    0.3343722227276885,
    0.3237921979482053
  ],