exercise,n,mae,rmse,r2,pcc
E0,152,0.9566029906272888,1.1787922382354736,-1.2562528172207217,-0.8508689536491402
