exercise,n,mae,rmse,r2,pcc
E0,107,1.376901388168335,1.431775689125061,-1.9866120499561135,0.8869736602435901
