best_epoch,stopped_epoch,val_mae,val_rmse,val_r2,test_mae,test_rmse,test_r2
104,154,0.32776927947998047,0.4666614830493927,0.5751288705846567,0.536896824836731,0.730782151222229,0.36505711010922126
