split,exercise,best_epoch,stopped_epoch,val_mae,val_rmse,val_r2,val_pcc,test_mae,test_rmse,test_r2,test_pcc,n
test_overall,all,85.0,185.0,0.2865714430809021,0.43900352716445923,0.7018206042064205,0.8601731549842095,0.3834307789802551,0.5267282724380493,0.5823091286507387,0.8115865954852314,
test_per_exercise,E0,,,,,,,0.4320954382419586,0.5318400263786316,0.5382890526987223,0.8377251076294072,464.0
test_per_exercise,E1,,,,,,,0.5287006497383118,0.6764771342277527,0.3322317802059991,0.8453399528066281,326.0
test_per_exercise,E2,,,,,,,0.30550575256347656,0.40532246232032776,0.763430013255917,0.9036722772526,258.0
test_per_exercise,E3,,,,,,,0.5109484791755676,0.6134527921676636,0.3425732478645248,0.8132087280951359,286.0
test_per_exercise,E4,,,,,,,0.36494213342666626,0.5252209901809692,0.13589021623230324,0.7014400520811819,321.0
test_per_exercise,E5,,,,,,,0.2160109281539917,0.3664048910140991,0.6859638342975174,0.8443692396340776,314.0
test_per_exercise,E6,,,,,,,0.29573649168014526,0.4801591634750366,0.6421764412134447,0.8212085827400326,317.0
