split,exercise,best_epoch,stopped_epoch,val_mae,val_rmse,val_r2,val_pcc,test_mae,test_rmse,test_r2,test_pcc,n
test_overall,all,100.0,200.0,0.9204248189926147,1.038521647453308,-0.9114017779490622,0.7700479876508444,1.0712047815322876,1.1546690464019775,-0.9424231827327205,0.8552867433622223,
test_per_exercise,E0,,,,,,,1.0712047815322876,1.1546690464019775,-0.9424231827327205,0.8552867433622223,107.0
