split,exercise,best_epoch,stopped_epoch,val_mae,val_rmse,val_r2,val_pcc,test_mae,test_rmse,test_r2,test_pcc,n
test_overall,all,77.0,177.0,0.6593009233474731,0.8342272639274597,-0.23335910693657524,0.7283737309848535,0.7205677628517151,0.8443180918693542,-0.03858259887188975,0.8431929199401952,
test_per_exercise,E0,,,,,,,0.7205677628517151,0.8443180918693542,-0.03858259887188975,0.8431929199401952,321.0
