split,exercise,best_epoch,stopped_epoch,val_mae,val_rmse,val_r2,val_pcc,test_mae,test_rmse,test_r2,test_pcc,n
test_overall,all,100.0,200.0,0.5785807371139526,0.738115131855011,0.034462873645511594,0.7761348945918404,0.684636652469635,0.8009477257728577,0.0653752841004761,0.8737494712117914,
test_per_exercise,E0,,,,,,,0.684636652469635,0.8009477257728577,0.0653752841004761,0.8737494712117914,107.0
