best_epoch,stopped_epoch,val_mae,val_rmse,val_r2,test_mae,test_rmse,test_r2
10,60,0.38337987661361694,0.5306797623634338,0.45225600623488393,0.4458569288253784,0.6072642207145691,0.3737964497892441
