best_epoch,stopped_epoch,val_mae,val_rmse,val_r2,test_mae,test_rmse,test_r2
161,211,0.4266760051250458,0.5873437523841858,0.44021664464089205,0.3485093116760254,0.4725744128227234,0.5600039446810575
