best_epoch,stopped_epoch,val_mae,val_rmse,val_r2,test_mae,test_rmse,test_r2
41,91,0.3854741156101227,0.524596631526947,0.4602776484022303,0.5209642052650452,0.7000375986099243,0.4308170994182198
