split,exercise,best_epoch,stopped_epoch,val_mae,val_rmse,val_r2,val_pcc,test_mae,test_rmse,test_r2,test_pcc,n
test_overall,all,22.0,122.0,0.8532364368438721,1.0339035987854004,-0.3301410175032289,0.6987870204283165,0.8654020428657532,1.0173701047897339,-0.6806264921374148,0.7943769821900749,
test_per_exercise,E0,,,,,,,0.8654020428657532,1.0173701047897339,-0.6806264921374148,0.7943769821900749,456.0
