best_epoch,stopped_epoch,val_mae,val_rmse,val_r2,test_mae,test_rmse,test_r2
93,143,0.44651663303375244,0.6175268888473511,0.3884734993993971,0.34715405106544495,0.4659643769264221,0.5758468194854232
