best_epoch,stopped_epoch,val_mae,val_rmse,val_r2,test_mae,test_rmse,test_r2
16,46,0.32166340947151184,0.42872825264930725,0.6927064473530407,0.42064788937568665,0.5606645941734314,0.19036766874786903
