best_epoch,stopped_epoch,val_mae,val_rmse,val_r2,test_mae,test_rmse,test_r2
35,85,0.23867100477218628,0.3789466619491577,0.5846202175428517,0.44091540575027466,0.6337037086486816,0.31808126027082784
