split,exercise,best_epoch,stopped_epoch,val_mae,val_rmse,val_r2,val_pcc,test_mae,test_rmse,test_r2,test_pcc,n
test_overall,all,100.0,200.0,1.29118013381958,1.3901925086975098,-2.4250798025813114,0.766247757530028,1.376901388168335,1.431775689125061,-1.9866120499561135,0.8869736602435901,
test_per_exercise,E0,,,,,,,1.376901388168335,1.431775689125061,-1.9866120499561135,0.8869736602435901,107.0
