split,exercise,best_epoch,stopped_epoch,val_mae,val_rmse,val_r2,val_pcc,test_mae,test_rmse,test_r2,test_pcc,n
test_overall,all,61.0,161.0,0.3973814845085144,0.5865211486816406,0.46503551750970296,0.8781583837936393,0.41412293910980225,0.5892715454101562,0.4659624057895203,0.8322160152080218,
test_per_exercise,E0,,,,,,,0.5076543092727661,0.6336586475372314,0.3801737347262053,0.8514924595915204,143.0
test_per_exercise,E1,,,,,,,0.5155823230743408,0.6981810331344604,0.28982570903441074,0.8955161659414271,107.0
test_per_exercise,E2,,,,,,,0.3016275465488434,0.4400124251842499,0.7212029383189844,0.9003221522149762,86.0
test_per_exercise,E3,,,,,,,0.46694669127464294,0.6413644552230835,0.22537302695401729,0.7826049710416579,84.0
test_per_exercise,E4,,,,,,,0.36935955286026,0.5137755274772644,0.16167988647693388,0.7039080854086167,106.0
test_per_exercise,E5,,,,,,,0.3197004199028015,0.4933526813983917,0.43229794580827285,0.8401585046112912,104.0
test_per_exercise,E6,,,,,,,0.37153783440589905,0.6263580322265625,0.3898371136198029,0.7992413255820218,104.0
