exercise,n,mae,rmse,r2,pcc
E0,107,1.0564260482788086,1.240044116973877,-1.2402843085963307,-0.910449590365477
