exercise,n,mae,rmse,r2,pcc
E0,321,0.7205677628517151,0.8443180918693542,-0.03858259887188975,0.8431929199401952
