exercise,n,mae,rmse,r2,pcc
E0,456,0.8654020428657532,1.0173701047897339,-0.6806264921374148,0.7943769821900749
