exercise,n,mae,rmse,r2,pcc
E0,156,0.5542901754379272,0.6852522492408752,0.23143561680557478,0.8628260479775334
