exercise,n,mae,rmse,r2,pcc
E0,152,0.46025511622428894,0.5710270404815674,0.47054807270894483,0.8633979165663014
