{
  "train_loss": [
    0.7066046104761167,
    0.19223733801962967,
    0.1355195555646541,
    0.12298251970508005,
    0.11805701786178653,
    0.11212474682320983,
    0.11223824802091566,
    0.109318983462234,
    0.10647174537097667,
    0.10321076022787283,
    0.10192730509291935,
    0.10138858684291274,
    0.09920869931831199,
    0.0973875829371187,
    0.09719453499478808,
    0.09728174227274071,
    0.09515392324639915,
    0.09575943225773714,
    0.0955931920831823,
    0.0948209294702037,
    0.09452935360835096,
    0.09437138928195178,
    0.09352438278117423,
    0.09457533898116169,
    0.09363640905857759,
    0.09343731299168982,
    0.09305040689322067,
    0.09209165791586293,
    0.09202096643883967,
    0.09332272839748253,
    0.09148877476063152,
    0.09174198669902349,
    0.09272249215571894,
    0.0924208714800366,
    0.09316108056928142,
    0.09267434162103523,
    0.09251317365021355,
    0.09032114021648459,
    0.09013570053766003,
    0.09144637626359019,
    0.09117218747861304,
    0.09032624694755521,
    0.09143688887526087,
    0.09130867297029764,
    0.08979882908153669,
    0.0906662313151831,
    0.09147397201445143,
    0.09041204409789567,
    0.0904999612962122,
    0.09030478165648077,
    0.09020599350333214,
    0.09143788977868139,
    0.08995186796380301,
    0.09030418705174141,
    0.08948344124828354,
    0.08955994222081651
  ],
  "train_rmse": [
    1.3862000703811646,
    0.6571687459945679,
    0.5303430557250977,
    0.5050925016403198,
    0.4963071048259735,
    0.4811038076877594,
    0.4801294207572937,
    0.47466573119163513,
    0.46952569484710693,
    0.46149909496307373,
    0.45863255858421326,
    0.4581160545349121,
    0.4528929889202118,
    0.448794960975647,
    0.44717302918434143,
    0.44801315665245056,
    0.4435676336288452,
    0.4450826048851013,
    0.4451103210449219,
    0.44273415207862854,
    0.439182847738266,
    0.44104310870170593,
    0.44010868668556213,
    0.44087204337120056,
    0.4400613009929657,
    0.43810975551605225,
    0.43954575061798096,
    0.4361693263053894,
    0.4363267421722412,
    0.4392240643501282,
    0.43456175923347473,
    0.43566611409187317,
    0.4372607469558716,
    0.43516844511032104,
    0.43694233894348145,
    0.43750694394111633,
    0.4347057640552521,
    0.4318252503871918,
    0.43039992451667786,
    0.4339890778064728,
    0.4334416687488556,
    0.4324529469013214,
    0.43198564648628235,
    0.4320110082626343,
    0.43080079555511475,
    0.431779146194458,
    0.4330977499485016,
    0.4316819906234741,
    0.4328305423259735,
    0.4320777654647827,
    0.4314412772655487,
    0.43319711089134216,
    0.43033865094184875,
    0.4321692883968353,
    0.4303898215293884,
    0.4282495975494385
  ],
  "train_mae": [
    1.1086307764053345,
    0.4647550582885742,
    0.3802250325679779,
    0.35951799154281616,
    0.3522607684135437,
    0.3417389988899231,
    0.33887407183647156,
    0.3353046774864197,
    0.32943102717399597,
    0.3220147490501404,
    0.3174085319042206,
    0.3155771493911743,
    0.31145837903022766,
    0.3094336986541748,
    0.30707916617393494,
    0.30507633090019226,
    0.3045600354671478,
    0.30460894107818604,
    0.3029007911682129,
    0.30125343799591064,
    0.2980596721172333,
    0.29956716299057007,
    0.29945704340934753,
    0.29969263076782227,
    0.2992168068885803,
    0.29741865396499634,
    0.29748836159706116,
    0.29590049386024475,
    0.2962968349456787,
    0.2975066602230072,
    0.29474589228630066,
    0.2950459420681,
    0.29547253251075745,
    0.29417118430137634,
    0.2948293089866638,
    0.29558053612709045,
    0.29307830333709717,
    0.293867826461792,
    0.29073700308799744,
    0.29331380128860474,
    0.29177549481391907,
    0.2921201288700104,
    0.2908691167831421,
    0.2921023666858673,
    0.2905247211456299,
    0.2912863790988922,
    0.29267486929893494,
    0.29199832677841187,
    0.2921030521392822,
    0.29187291860580444,
    0.2909751832485199,
    0.2923334538936615,
    0.28888553380966187,
    0.29162928462028503,
    0.2901657819747925,
    0.28881213068962097
  ],
  "train_r2": [
    -1.7468709858993652,
    0.38263753179999205,
    0.5979313717101726,
    0.6353063216632615,
    0.6478826985649893,
    0.6691249834223816,
    0.670463850962656,
    0.6779211629135126,
    0.6848588656338419,
    0.6955414870976423,
    0.699311960168443,
    0.699988857479843,
    0.7067907899628743,
    0.7120730310508168,
    0.7141503864719125,
    0.7130752888886029,
    0.7187412171265579,
    0.7168166794577752,
    0.7167814040602919,
    0.7197972183024894,
    0.7242743546542182,
    0.7219336364667125,
    0.7231106374093955,
    0.7221492938434667,
    0.7231702474627117,
    0.7256201129030448,
    0.7238185172853375,
    0.7280452650440885,
    0.7278489360588801,
    0.7242226256857647,
    0.7300462270297257,
    0.7286724109690519,
    0.7266825145925742,
    0.7292919297878812,
    0.7270804685806731,
    0.7263746712516779,
    0.7298673102809383,
    0.7334353922703982,
    0.7351921878317775,
    0.7307572726224161,
    0.731436046903403,
    0.7326598862416656,
    0.7332373379197961,
    0.733206033077074,
    0.7346986885569298,
    0.7334923051144875,
    0.7318620843185593,
    0.7336122203409517,
    0.7321928060534202,
    0.7331235573161348,
    0.7339092518538809,
    0.7317389995440131,
    0.7352675714783372,
    0.7330104750434019,
    0.7352046050055113,
    0.7378315870134122
  ],
  "val_loss": [
    0.775531408842653,
    0.1992804286433966,
    0.1708192697406048,
    0.1517421242708224,
    0.143848312094633,
    0.1386860498000715,
    0.15365622648025692,
    0.17140791395231644,
    0.1734216069789909,
    0.16146936307400211,
    0.16860689986460783,
    0.1889337018115839,
    0.17986313639294166,
    0.18107265921680665,
    0.1892037511264789,
    0.17371884913895883,
    0.22485866313554653,
    0.19622235209026256,
    0.2077367470285026,
    0.2063117847452304,
    0.1870085338701756,
    0.18797512178898615,
    0.18512325728734141,
    0.20441573540665559,
    0.2243379228856611,
    0.2106970295702922,
    0.20059612416280287,
    0.21903818967039115,
    0.2004871409804764,
    0.21557293538389785,
    0.23621922376478324,
    0.25286434408344577,
    0.20850508123439795,
    0.2250998682668069,
    0.24924285287415843,
    0.23137069964177498,
    0.23162669554367313,
    0.2954157123262121,
    0.30655026606364116,
    0.3205465596385693,
    0.4002293408375408,
    0.30959704538927324,
    0.2703164839555029,
    0.3532840340663824,
    0.2908958805590373,
    0.2800917976326673,
    0.29312961945743155,
    0.3281389368079545,
    0.33561294114697376,
    0.3622606225921118,
    0.3627293172974532,
    0.3753629507511505,
    0.35003198601880287,
    0.4254226651785757,
    0.4143495777998396,
    0.3454780328114794
  ],