exercise,n,mae,rmse,r2,pcc
E0,152,0.9146656394004822,1.0576986074447632,-0.8165070440101039,0.8208275827774574
