exercise,n,mae,rmse,r2,pcc
E0,107,1.0712047815322876,1.1546690464019775,-0.9424231827327205,0.8552867433622223
