exercise,n,mae,rmse,r2,pcc
E0,156,0.5404359102249146,0.6824595332145691,0.2376871862400287,0.8619801341735133
