{
  "train_loss": [
    0.5644490896146509,
    0.32395615419255025,
    0.2426598162590703,
    0.2282905453179456,
    0.21976238696635525,
    0.21258213653971877,
    0.20799101870271225,
    0.20848317576360098,
    0.20663679890994785,
    0.20140028556313697,
    0.19938618802948843,
    0.20161482767213748,
    0.19934412554095063,
    0.19854662029803555,
    0.202047698199749,
    0.2003193006296701,
    0.2003270173563233,
    0.1993129691934284,
    0.1998677653602407,
    0.1963741264388531,
    0.19817994025689137,
    0.19418274639528008,
    0.19697594227670115,
    0.19316166186634498,
    0.19079521043768413,
    0.1883490941003908,
    0.1843843643989744,
    0.18298166735640056,
    0.18162930794531787,
    0.18169454692662518,
    0.18183153990326048,
    0.18015516058930867,
    0.1800578736428973,
    0.18093887018629268,
    0.17979811113091965,
    0.1780342888794368,
    0.17968506432032283,
    0.17986419070747833,
    0.17920909680520433,
    0.1784248125704029,
    0.17802486568689346,
    0.17931096840508376,
    0.1774771201271045,
    0.17776101214599005,
    0.17848625703703,
    0.17731382754407352
  ],
  "train_rmse": [
    1.2696303129196167,
    0.885791003704071,
    0.7296690940856934,
    0.7037563323974609,
    0.6878294944763184,
    0.6748328804969788,
    0.6656493544578552,
    0.6666391491889954,
    0.6642346978187561,
    0.6572477221488953,
    0.6526209712028503,
    0.6549831628799438,
    0.651402473449707,
    0.6501629948616028,
    0.6551195383071899,
    0.6536052823066711,
    0.6521293520927429,
    0.6509084701538086,
    0.6514309644699097,
    0.6462620496749878,
    0.649130642414093,
    0.6430681943893433,
    0.6473027467727661,
    0.6424065828323364,
    0.6389597654342651,
    0.6334583759307861,
    0.6269611120223999,
    0.6240116357803345,
    0.6222721934318542,
    0.6215670108795166,
    0.6221267580986023,
    0.6203796863555908,
    0.6203400492668152,
    0.6215914487838745,
    0.6190531849861145,
    0.61635422706604,
    0.6197062730789185,
    0.6189045906066895,
    0.6178252696990967,
    0.6167207956314087,
    0.6160215139389038,
    0.6177360415458679,
    0.6148934364318848,
    0.6155070066452026,
    0.6167439222335815,
    0.6143800616264343
  ],
  "train_mae": [
    0.9145073294639587,
    0.6476133465766907,
    0.5583286881446838,
    0.5380317568778992,
    0.5258752107620239,
    0.5146535038948059,
    0.5086038112640381,
    0.5092253088951111,
    0.5050183534622192,
    0.4974071979522705,
    0.4951346516609192,
    0.5016184449195862,
    0.495000958442688,
    0.4927743673324585,
    0.5008519887924194,
    0.49845048785209656,
    0.4982563257217407,
    0.49346014857292175,
    0.4966343343257904,
    0.49029281735420227,
    0.49329623579978943,
    0.4851238429546356,
    0.4886113703250885,
    0.48342883586883545,
    0.4750310182571411,
    0.4716857075691223,
    0.4639575779438019,
    0.4647800624370575,
    0.4598921537399292,
    0.4619216322898865,
    0.46015167236328125,
    0.4581581652164459,
    0.4582904875278473,
    0.4622313678264618,
    0.4574057459831238,
    0.4566287398338318,
    0.4572337865829468,
    0.4568430781364441,
    0.45763951539993286,
    0.45539045333862305,
    0.45616886019706726,
    0.4555957019329071,
    0.4551287293434143,
    0.45624247193336487,
    0.4563526213169098,
    0.45435506105422974
  ],
  "train_r2": [
    -1.3745708642013046,
    -0.15582758304704702,
    0.2156995250535324,
    0.2704162304036377,
    0.3030651999762952,
    0.32915382532176574,
    0.34728796933062756,
    0.3453454690413257,
    0.35005935670611255,
    0.36366080903378717,
    0.37258833418279724,
    0.36803825456001904,
    0.37492898272546926,
    0.3773055409034759,
    0.36777504099370784,
    0.3706942732110893,
    0.37353323920918424,
    0.37587669033967996,
    0.3748744026785594,
    0.38475538592627545,
    0.3792813632854303,
    0.3908214799543862,
    0.38277225884926847,
    0.39207430490819417,
    0.3985803564925018,
    0.4088922267116304,
    0.4209557529171928,
    0.42639100969822175,
    0.42958448399161875,
    0.4308765652361727,
    0.4298511448348028,
    0.43304881598192935,
    0.4331213222863559,
    0.43083181304016516,
    0.43547078339417,
    0.4403824908126316,
    0.43427898040970303,
    0.4357417077820972,
    0.4377080339526276,
    0.43971661544136653,
    0.4409865051708628,
    0.43787039975625197,
    0.44303202419927745,
    0.44191980585309887,
    0.4396745534227188,
    0.4439616845029213
  ],
  "val_loss": [
    0.2733091186732054,
    0.12780591355015833,
    0.12869334140171607,
    0.1260483958447973,
    0.09511204697191715,
    0.11960492376238108,
    0.08860742244869471,
    0.10128247098376354,
    0.09022204416493575,
    0.09581602470328411,
    0.08708973092337449,
    0.09244214737166961,
    0.09132831368672972,
    0.094152576647078,
    0.08745441047164301,
    0.08660463312019905,
    0.08869846674497239,
    0.0902594773719708,
    0.0886143842091163,
    0.08909467613945404,
    0.08967302286376556,
    0.09231499278297027,
    0.08824857516835133,
    0.09212488712122043,
    0.09188359867160519,
    0.08963261266277793,
    0.0913586580902726,
    0.09074175219672422,
    0.0882085306259493,
    0.09051003195345401,
    0.09112999201752245,
    0.08843337216724952,
    0.0882969538681209,
    0.08722713310271502,
    0.09031721893697978,
    0.09669773299247027,
    0.09101545711358389,
    0.08847587226579587,
    0.08803912347648293,
    0.08878797305126986,
    0.09018532714496057,
    0.0922327823122032,
    0.09633402687807878,
    0.08880991463859876,
    0.08868529840062062,
    0.0889338490863641
  ],
  "val_rmse": [
    0.8255355954170227,
    0.5097474455833435,
    0.5115669369697571,
    0.5079328417778015,
    0.44870975613594055,
    0.4952554404735565,
    0.43340712785720825,
    0.4588184356689453,
    0.43606698513031006,
    0.44771960377693176,
    0.42924410104751587,
    0.4445664882659912,
    0.44150567054748535,
    0.44889965653419495,
    0.43140625953674316,
    0.42872825264930725,
    0.4345565736293793,
    0.437910258769989,
    0.43277597427368164,
    0.4352805018424988,
    0.4364302456378937,
    0.44156143069267273,
    0.4312498867511749,
    0.4434258043766022,
    0.44319435954093933,
    0.4368867576122284,
    0.44117552042007446,
    0.43975192308425903,
    0.43325743079185486,
    0.43933016061782837,
    0.4413560628890991,
    0.43245288729667664,
    0.4331687092781067,
    0.42979946732521057,
    0.43741121888160706,
    0.4529827833175659,
    0.43767616152763367,
    0.434061199426651,
    0.43270695209503174,
    0.43268048763275146,
    0.43586939573287964,
    0.44346898794174194,
    0.4500173330307007,
    0.4339847266674042,
    0.43424129486083984,
    0.43464395403862
  ],