exercise,n,mae,rmse,r2,pcc
E0,107,0.684636652469635,0.8009477257728577,0.0653752841004761,0.8737494712117914
