{
  "train_loss": [
    0.5766000929966714,
    0.46509600394559136,
    0.38120529518544094,
    0.3300212232522594,
    0.29563905819527153,
    0.2782717156178743,
    0.25939837329595994,
    0.24920830557357918,
    0.22905817620673227,
    0.21432443115028363,
    0.20854399548572244,
    0.21384885588895927,
    0.20191290801011244,
    0.18824397049193242,
    0.1936202570796013,
    0.1833404520327605,
    0.18775034435455082,
    0.17816655207606194,
    0.17624303633437574,
    0.17578053351455522,
    0.17568385528707967,
    0.16863153220235721,
    0.169322933242159,
    0.1703531481687305,
    0.16675531987137007,
    0.1630654465226294,
    0.16928685955630923,
    0.16262930826944055,
    0.1594489883016614,
    0.1623834975570151,
    0.15830892078506137,
    0.1568214589169303,
    0.15705251867331346,
    0.1569841046211789,
    0.15359631303733992,
    0.15667554656568083,
    0.15006830796454718,
    0.15514308546931999,
    0.14730151467820973,
    0.1511904979215085,
    0.15002206029388512,
    0.14417949886721315,
    0.1494956119980627,
    0.15015663629741344,
    0.14779126112466878,
    0.14356853114893137,
    0.14287583623985642,
    0.1494935297416252,
    0.14772968981595871,
    0.14382504082275827,
    0.14277095962496636,
    0.14343287813866024,
    0.14222539046291008,
    0.14546648239337126,
    0.14348624791335135,
    0.14059502830349127,
    0.1447095368961686,
    0.13972422983316543,
    0.141944597936371,
    0.14079153053100826,
    0.13820982236161972,
    0.13838593922193768,
    0.13848216422987217,
    0.13734065951074212,
    0.1383784001024024,
    0.13443024593938901,
    0.1333950470445804,
    0.1343663681696341,
    0.13797271530171043,
    0.13796714389497794,
    0.13462187094812833,
    0.13767232749502636,
    0.13456309988226706,
    0.1350512931358467,
    0.13757668688748648,
    0.1329200502159526,
    0.134845366357889
  ],
  "train_rmse": [
    1.2522482872009277,
    1.0916006565093994,
    0.9752886295318604,
    0.8876282572746277,
    0.8297032713890076,
    0.8050763010978699,
    0.7750518918037415,
    0.7583078742027283,
    0.7190220952033997,
    0.6909866333007812,
    0.6853427886962891,
    0.6912750005722046,
    0.6722481846809387,
    0.6414623260498047,
    0.6534403562545776,
    0.6325997710227966,
    0.6422159671783447,
    0.624416172504425,
    0.6198102831840515,
    0.619830310344696,
    0.6197981834411621,
    0.6046021580696106,
    0.6054290533065796,
    0.6065928339958191,
    0.599770724773407,
    0.5924018025398254,
    0.6056704521179199,
    0.5904055237770081,
    0.5854198932647705,
    0.590600311756134,
    0.5830450057983398,
    0.5813000202178955,
    0.582060694694519,
    0.5804896950721741,
    0.5747315883636475,
    0.5794726610183716,
    0.5672849416732788,
    0.5791656970977783,
    0.5599319934844971,
    0.5677658319473267,
    0.5661582946777344,
    0.5565057396888733,
    0.5636924505233765,
    0.5664706826210022,
    0.5622584223747253,
    0.5542962551116943,
    0.5521975159645081,
    0.5645978450775146,
    0.5635802149772644,
    0.5545488595962524,
    0.5533917546272278,
    0.5528075695037842,
    0.5531262159347534,
    0.5579236745834351,
    0.5517926812171936,
    0.5476755499839783,
    0.5579974055290222,
    0.5456636548042297,
    0.5511749982833862,
    0.5481229424476624,
    0.5417400002479553,
    0.5438182353973389,
    0.54217928647995,
    0.5409888625144958,
    0.544110894203186,
    0.5357953310012817,
    0.5342097282409668,
    0.5379047393798828,
    0.5451945066452026,
    0.5449638366699219,
    0.5348647236824036,
    0.5431135892868042,
    0.5379589796066284,
    0.5390685796737671,
    0.5428913831710815,
    0.5332431793212891,
    0.538449227809906
  ],
  "train_mae": [
    0.967416524887085,
    0.8347599506378174,
    0.7343571782112122,
    0.6683956384658813,
    0.6207437515258789,
    0.596515953540802,
    0.5714061260223389,
    0.5556207299232483,
    0.52822345495224,
    0.5060494542121887,
    0.49730929732322693,
    0.5027391314506531,
    0.4872250556945801,
    0.4686391353607178,
    0.47332292795181274,
    0.46071285009384155,
    0.4664915204048157,
    0.4497458040714264,
    0.44532209634780884,
    0.44421321153640747,
    0.44330424070358276,
    0.4335295557975769,
    0.4334039092063904,
    0.4362616240978241,
    0.4300815761089325,
    0.42453885078430176,
    0.43071117997169495,
    0.4209376275539398,
    0.41535332798957825,
    0.4234595000743866,
    0.41786280274391174,
    0.411338210105896,
    0.41318199038505554,
    0.4115607738494873,
    0.4049795866012573,
    0.4089168906211853,
    0.3994799554347992,
    0.4075636565685272,
    0.3960169851779938,
    0.4044135510921478,
    0.39699822664260864,
    0.3878500461578369,
    0.39612263441085815,
    0.3971426486968994,
    0.3939398527145386,
    0.3876402974128723,
    0.3863676190376282,
    0.39539778232574463,
    0.39337921142578125,
    0.3885536193847656,
    0.3834654986858368,
    0.3870755732059479,
    0.38383498787879944,
    0.38711974024772644,
    0.385513573884964,
    0.3788444995880127,
    0.38762345910072327,
    0.38054949045181274,
    0.3785931169986725,
    0.38058242201805115,
    0.375539094209671,
    0.37664663791656494,
    0.3762568235397339,
    0.37679457664489746,
    0.3777925372123718,
    0.36954861879348755,
    0.3685683012008667,
    0.36675092577934265,
    0.37377646565437317,
    0.3724513053894043,
    0.3706281781196594,
    0.37291616201400757,
    0.3682100474834442,
    0.36895138025283813,
    0.3744972348213196,
    0.3661600351333618,
    0.3674789071083069
  ],
  "train_r2": [
    -1.4019347638365005,
    -0.8251890780682782,
    -0.4569566166001231,
    -0.20682012462372223,
    -0.05444983187172592,
    0.007216786075913251,
    0.07988550038080577,
    0.11921189914125696,
    0.2081101526493757,
    0.2686595185432258,
    0.28055766800473403,
    0.26804891801060426,
    0.3077872439573699,
    0.36973590025075087,
    0.3459782514450591,
    0.3870312522911057,
    0.3682540389153094,
    0.40278796160709174,
    0.41156593568162525,
    0.4115278721475023,
    0.41158889372135277,
    0.44008812063585423,
    0.4385555638024402,
    0.43639498541692723,
    0.44900095578973087,
    0.46245724296196444,
    0.4381077851241856,
    0.4660739941524059,
    0.475053256369696,
    0.4657215298217374,
    0.47930371337611244,
    0.4824157895957156,
    0.4810602685281692,
    0.48385790093584946,
    0.4940467046910175,
    0.4856648812544644,
    0.5070727651842333,
    0.48620964156823987,
    0.5197682404353161,
    0.5062367046971226,
    0.5090286775700535,
    0.5256274024077328,
    0.5132962618502832,
    0.5084867371793257,
    0.5157694176541374,
    0.529386657983657,
    0.5329437182356709,
    0.5117314823787262,
    0.513489942348326,
    0.5289577020239282,
    0.5309213954056751,
    0.5319111718074021,
    0.5313714273045371,
    0.5232069368184749,
    0.5336283095377982,
    0.5405619568196884,
    0.5230809664440625,
    0.5439312325175967,
    0.5346718885557356,
    0.5398109713909733,
    0.5504664516379048,
    0.5470107842567081,
    0.5497370616857834,
    0.5517121284865023,
    0.5465231175291614,
    0.5602780841344956,
    0.5628768605509067,
    0.5568088804156521,
    0.5447150816210082,
    0.5451003167322519,
    0.5618042669509189,
    0.5481839201028431,
    0.5567195192051917,
    0.5548890312628205,
    0.5485535743221674,
    0.5644571028036094,
    0.5559111987090288
  ],