exercise,n,mae,rmse,r2,pcc
E0,156,0.4792712330818176,0.5710967183113098,0.4661752818514239,0.8612637137363371
