exercise,n,mae,rmse,r2,pcc
E0,152,0.7611915469169617,0.8792752027511597,-0.25534443932736517,0.7934312119086945
