exercise,n,mae,rmse,r2,pcc
E0,107,1.4916032552719116,1.7692416906356812,-3.56040292783159,-0.8853112068080481
