exercise,n,mae,rmse,r2,pcc
E0,107,1.6021946668624878,1.7862930297851562,-3.6487293979301114,0.5851334687537633
