exercise,n,mae,rmse,r2,pcc
E0,152,1.0004167556762695,1.2306145429611206,-1.4589933611860477,-0.8310514488984562
